{
  "brier": 0.23702204525104242,
  "logloss": 0.6665008399476804,
  "n_train": 600,
  "n_val": 200,
  "version": "0.1.0"
}