{
  "brier": 0.22357380798589002,
  "logloss": 0.6384501922226887,
  "n_train": 375,
  "n_val": 125,
  "version": "0.1.0"
}