{
  "brier": 0.2790408665929076,
  "logloss": 0.754313696443575,
  "n_train": 22,
  "n_val": 8,
  "version": "0.3.0"
}